[
  {
    "id": "ribs-brisket-and-burnt-ends",
    "img": "https://goldbelly.imgix.net/uploads/showcase_media_asset/image/79619/joes-kc-ribs-brisket-and-burnt-ends.6710e994980e485e6441b794717ad6fb.jpg?ixlib=react-9.0.2&auto=format&ar=1%3A1",
    "name": "Joe's KC BBQ",
    "dsc": "Joe's KC Ribs, Brisket & Burnt Ends",
    "price": 110.99,
    "rate": 4,
    "country": "Kansas City, KS"
  },
  {
    "id": "005-kings-carolina-oink-sampler",
    "img": "https://goldbelly.imgix.net/uploads/showcase_media_asset/image/66752/carolina-bbq-oink-sampler.1340b5a10cedc238cb2280306dd1d5a5.jpg?ixlib=react-9.0.2&auto=format&ar=1%3A1",
    "name": "Kings BBQ",
    "dsc": "Carolina BBQ Oink Sampler",
    "price": 89,
    "rate": 4,
    "country": "Kinston, NC"
  },
  {
    "id": "texas-monthlys-1-bbq-brisket",
    "img": "https://goldbelly.imgix.net/uploads/showcase_media_asset/image/131249/texas-monthlys-1-bbq-brisket.1006a061be7acae03992e420fbca995a.png?ixlib=react-9.0.2&auto=format&ar=1%3A1",
    "name": "Snow's BBQ",
    "dsc": "Texas Monthly's #1 BBQ Brisket",
    "price": 199,
    "rate": 4,
    "country": "Lexington, TX"
  },
  {
    "id": "17352-ribs-and-pulled-pork-small-combo-pack",
    "img": "https://goldbelly.imgix.net/uploads/showcase_media_asset/image/137366/Central-BBQ-Ribs-Pulled-Pork-Dinner-1.jpg?ixlib=react-9.0.2&auto=format&ar=1%3A1",
    "name": "Central BBQ",
    "dsc": "Ribs & Pulled Pork Dinner for 4",
    "price": 79,
    "rate": 4,
    "country": "Memphis, TN"
  },
  {
    "id": "whole-brisket-texas-bbq-sauce",
    "img": "https://goldbelly.imgix.net/uploads/showcase_media_asset/image/110384/whole-brisket-texas-barbecue-bbq-sauce.e07ee4818b20ed43d217bf67fedd41ce.jpg?ixlib=react-9.0.2&auto=format&ar=1%3A1",
    "name": "Franklin Barbecue",
    "dsc": "Whole Brisket + Texas Barbecue BBQ Sauce",
    "price": 249,
    "rate": 4,
    "country": "Austin, TX"
  },
  {
    "id": "whole-texas-smoked-brisket",
    "img": "https://goldbelly.imgix.net/uploads/showcase_media_asset/image/101071/whole-texas-smoked-brisket.a5558a25381e271408e197936e7985d8.jpg?ixlib=react-9.0.2&auto=format&ar=1%3A1",
    "name": "Terry Black's Barbecue",
    "dsc": "Whole Texas Smoked Brisket",
    "price": 189,
    "rate": 5,
    "country": "Austin, TX"
  },
  {
    "id": "barbeque-Sampler-for-8",
    "img": "https://goldbelly.imgix.net/uploads/showcase_media_asset/image/110287/barbeque-sampler-for-4-6.edb4e60564852c9d0227634c31fab279.jpg?ixlib=react-9.0.2&auto=format&ar=1%3A1",
    "name": "Arthur Bryant's Barbeque",
    "dsc": "Barbeque Sampler for 8",
    "price": 139,
    "rate": 5,
    "country": "Kansas City, MO"
  },
  {
    "id": "17352-ribs-and-pulled-pork-medium-combo-pack",
    "img": "https://goldbelly.imgix.net/uploads/showcase_media_asset/image/137368/Central-BBQ-Ribs-Pulled-Pork-Party-Pack-1_.jpg?ixlib=react-9.0.2&auto=format&ar=1%3A1",
    "name": "Central BBQ",
    "dsc": "Ribs & Pulled Pork Dinner for 8",
    "price": 109,
    "rate": 4,
    "country": "Memphis, TN"
  },
  {
    "id": "mini-trinity-bbq-combo-brisket-ribs-and-links",
    "img": "https://goldbelly.imgix.net/uploads/showcase_media_asset/image/90406/mini-trinity-bbq-combo-brisket-ribs-and-links.245582f593bf64b23b57dfca2be18cfd.jpg?ixlib=react-9.0.2&auto=format&ar=1%3A1",
    "name": "Bludso's BBQ",
    "dsc": "Mini Trinity BBQ Combo - Brisket, Ribs & Links",
    "price": 139,
    "rate": 4,
    "country": "Los Angeles, CA"
  },
  {
    "id": "235203-blue-smoke-baby-back-ribs-backyard-barbecue-chicken-combo",
    "img": "https://goldbelly.imgix.net/uploads/showcase_media_asset/image/113814/blue-smoke-baby-back-ribs-backyard-barbecue-chicken-combo.a95a3e632ae324f719738a2a5c1dff6e.png?ixlib=react-9.0.2&auto=format&ar=1%3A1",
    "name": "Blue Smoke",
    "dsc": "Blue Smoke Baby Back Ribs + Backyard Barbecue Chicken Combo",
    "price": 129,
    "rate": 4,
    "country": "New York, NY"
  },
  {
    "id": "whole-brisket-sausage-texas-barbecue-bbq-sauce",
    "img": "https://goldbelly.imgix.net/uploads/showcase_media_asset/image/131846/whole-brisket-sausage-texas-barbecue-bbq-sauce.ffb470cab2f454fd848faa5dddfe65f5.jpg?ixlib=react-9.0.2&auto=format&ar=1%3A1",
    "name": "Franklin Barbecue",
    "dsc": "Whole Brisket + Sausage + Texas Barbecue BBQ Sauce",
    "price": 289,
    "rate": 5,
    "country": "Austin, TX"
  },
  {
    "id": "006-kings-meat-lovers-special",
    "img": "https://goldbelly.imgix.net/uploads/showcase_media_asset/image/66734/bbq-meat-lovers-special-for-10.36ca670fda4bfa783c2ea9165e068d26.jpg?ixlib=react-9.0.2&auto=format&ar=1%3A1",
    "name": "Kings BBQ",
    "dsc": "BBQ Meat Lovers Special for 10",
    "price": 139,
    "rate": 5,
    "country": "Kinston, NC"
  },
  {
    "id": "the-big-ugly-bbq-dinner-for-6",
    "img": "https://goldbelly.imgix.net/uploads/showcase_media_asset/image/132122/the-big-ugly-bbq-dinner-for-6.2dfae7818811adddce85cc1a910881a0.jpeg?ixlib=react-9.0.2&auto=format&ar=1%3A1",
    "name": "Ugly Drum",
    "dsc": "The Big Ugly BBQ Dinner for 6",
    "price": 229,
    "rate": 5,
    "country": "Los Angeles, CA"
  },
  {
    "id": "17796-mighty-quinns-bbq-sampler-pack",
    "img": "https://goldbelly.imgix.net/uploads/showcase_media_asset/image/134182/mighty-quinns-bbq-sampler-pack.1bfe4a0665edc565756f5241bf25840e.jpg?ixlib=react-9.0.2&auto=format&ar=1%3A1",
    "name": "Mighty Quinn's BBQ",
    "dsc": "Mighty Quinn's BBQ Sampler Pack",
    "price": 169,
    "rate": 5,
    "country": "New York, NY"
  },
  {
    "id": "post-oak-smoked-half-brisket",
    "img": "https://goldbelly.imgix.net/uploads/showcase_media_asset/image/92395/post-oak-smoked-usda-prime-half-brisket.6f17178dde7d806670bcc73ff11762b3.jpg?ixlib=react-9.0.2&auto=format&ar=1%3A1",
    "name": "Southside Market & Barbeque",
    "dsc": "Post Oak Smoked USDA Prime Half Brisket",
    "price": 109,
    "rate": 5,
    "country": "Elgin, TX"
  },
  {
    "id": "best-of-texas-bbq-combo-serves-14",
    "img": "https://goldbelly.imgix.net/uploads/showcase_media_asset/image/91821/best-of-texas-bbq-combo-serves-14.7ae90266335e539c67e77fed14b43029.jpg?ixlib=react-9.0.2&auto=format&ar=1%3A1",
    "name": "Snow's BBQ",
    "dsc": "Best of Texas BBQ Combo - Serves 14",
    "price": 269,
    "rate": 5,
    "country": "Lexington, TX"
  },
  {
    "id": "choose-your-own-world-championship-bbq-4-pack",
    "img": "https://goldbelly.imgix.net/uploads/showcase_media_asset/image/133378/choose-your-own-world-championship-bbq-4-pack.d5216e2b1c2a92f481fc9d1c7a15e8df.jpg?ixlib=react-9.0.2&auto=format&ar=1%3A1",
    "name": "Big Bob Gibson Bar-B-Q",
    "dsc": "Choose Your Own World Championship BBQ - 4 Pack",
    "price": 109.95,
    "rate": 4,
    "country": "Decatur, AL"
  },
  {
    "id": "bbq-ribs-and-pulled-pork-dinner-for-6",
    "img": "https://goldbelly.imgix.net/uploads/showcase_media_asset/image/96242/bbq-ribs-and-pulled-pork-dinner-for-6.ba9ea2ed663fc67effa9fd7a85624625.jpg?ixlib=react-9.0.2&auto=format&ar=1%3A1",
    "name": "The Shed BBQ & Blues Joint",
    "dsc": "BBQ Ribs & Pulled Pork Dinner for 6",
    "price": 109,
    "rate": 5,
    "country": "Ocean Springs, MS"
  },
  {
    "id": "hog-heaven",
    "img": "https://goldbelly.imgix.net/uploads/showcase_media_asset/image/79576/hog-heaven-pulled-pork-sausage-links.5012c36f6f049c131b04345c5326e4d3.jpg?ixlib=react-9.0.2&auto=format&ar=1%3A1",
    "name": "Joe's KC BBQ",
    "dsc": "Hog Heaven - Pulled Pork + Sausage Links",
    "price": 69.99,
    "rate": 4,
    "country": "Kansas City, KS"
  },
  {
    "id": "bbq-rib-tips-serves-10-15",
    "img": "https://goldbelly.imgix.net/uploads/showcase_media_asset/image/90450/bbq-rib-tips-serves-10-15.c3f35f44d3b1650273c3cdd42494fb66.jpg?ixlib=react-9.0.2&auto=format&ar=1%3A1",
    "name": "Bludso's BBQ",
    "dsc": "BBQ Rib Tips - Serves 10-15",
    "price": 109,
    "rate": 5,
    "country": "Los Angeles, CA"
  },
  {
    "id": "texas-sized-smoked-beef-ribs",
    "img": "https://goldbelly.imgix.net/uploads/showcase_media_asset/image/131304/texas-sized-smoked-beef-ribs.2b95cb8fcdb4eb21b28ae948f84e6b51.jpg?ixlib=react-9.0.2&auto=format&ar=1%3A1",
    "name": "Terry Black's Barbecue",
    "dsc": "Texas-Sized Smoked Beef Ribs",
    "price": 179,
    "rate": 5,
    "country": "Austin, TX"
  },
  {
    "id": "just-the-meat-bbq-faves",
    "img": "https://goldbelly.imgix.net/uploads/showcase_media_asset/image/115147/just-the-meat-bbq-faves.420232635cdaf0d4df3f4a78e6f3ca56.jpg?ixlib=react-9.0.2&auto=format&ar=1%3A1",
    "name": "Famous Dave's",
    "dsc": "Just the Meat BBQ Faves for 6",
    "price": 109,
    "rate": 4,
    "country": "Minneapolis, MN"
  },
  {
    "id": "guys-bbq-trash-can-nachos-caliente-margaritas",
    "img": "https://goldbelly.imgix.net/uploads/showcase_media_asset/image/134759/guys-bbq-trash-can-nachos-caliente-margaritas.8e15c70f4f0aef2bc3643274bd29459a.jpg?ixlib=react-9.0.2&auto=format&ar=1%3A1",
    "name": "Guy Fieri",
    "dsc": "Guy's BBQ Trash Can Nachos + Caliente Margaritas",
    "price": 95,
    "rate": 5,
    "country": "Flavortown, USA"
  },
  {
    "id": "bbq-sides-4-pack",
    "img": "https://goldbelly.imgix.net/uploads/showcase_media_asset/image/133014/bbq-sides-4-pack.64fe417f2fda9ad40fb4034cf416a91e.jpg?ixlib=react-9.0.2&auto=format&ar=1%3A1",
    "name": "Blue Smoke",
    "dsc": "BBQ Sides - 4 Pack",
    "price": 79,
    "rate": 5,
    "country": "New York, NY"
  },
  {
    "id": "ribs-and-chicken-combo-pack-serves-6-8",
    "img": "https://goldbelly.imgix.net/uploads/showcase_media_asset/image/133206/ribs-and-chicken-combo-pack-serves-6-8.cef1f90b5c3193c06e1c4b4cc9cff611.jpg?ixlib=react-9.0.2&auto=format&ar=1%3A1",
    "name": "Dinosaur BBQ",
    "dsc": "Ribs & Chicken Combo Pack - Serves 6-8",
    "price": 129,
    "rate": 5,
    "country": "Syracuse, NY"
  },
  {
    "id": "half-texas-smoked-brisket",
    "img": "https://goldbelly.imgix.net/uploads/showcase_media_asset/image/96692/half-texas-angus-smoked-brisket.c2b96b9fbe7f8bf7a3436777b3b79bc8.jpg?ixlib=react-9.0.2&auto=format&ar=1%3A1",
    "name": "Old 300 BBQ",
    "dsc": "Texas Smoked Half Brisket",
    "price": 109,
    "rate": 4,
    "country": "Blanco, TX"
  },
  {
    "id": "bbq-meat-and-sides-feast-serves-15",
    "img": "https://goldbelly.imgix.net/uploads/showcase_media_asset/image/96632/bbq-meat-and-sides-feast.e330bee9ac3a6e322500b411094b3ca4.jpg?ixlib=react-9.0.2&auto=format&ar=1%3A1",
    "name": "Micklethwait Craft Meats",
    "dsc": "BBQ Meat and Sides Feast",
    "price": 159,
    "rate": 4,
    "country": "Austin, TX"
  },
  {
    "id": "choose-your-own-world-championship-bbq-2-pack",
    "img": "https://goldbelly.imgix.net/uploads/showcase_media_asset/image/131356/choose-your-own-world-championship-bbq-2-pack.aed7c509b847060a8fc8a5bc255e07c1.jpg?ixlib=react-9.0.2&auto=format&ar=1%3A1",
    "name": "Big Bob Gibson Bar-B-Q",
    "dsc": "Choose Your Own World Championship BBQ - 2 Pack",
    "price": 64.95,
    "rate": 5,
    "country": "Decatur, AL"
  },
  {
    "id": "18650-food-explorer-carolina-bbq-pack",
    "img": "https://goldbelly.imgix.net/uploads/showcase_media_asset/image/75438/food-explorer-carolina-bbq-pack.fdbd5d5d3f4f92d6c27ad8ef0243f0b3.jpg?ixlib=react-9.0.2&auto=format&ar=1%3A1",
    "name": "Kings BBQ",
    "dsc": "Food Explorer Carolina BBQ Pack",
    "price": 109,
    "rate": 5,
    "country": "Kinston, NC"
  },
  {
    "id": "mesquite-smoked-peppered-beef-tenderloin",
    "img": "https://goldbelly.imgix.net/uploads/showcase_media_asset/image/99462/mesquite-smoked-peppered-beef-tenderloin.5c314418a1f75c7057eed686e2fad46f.jpg?ixlib=react-9.0.2&auto=format&ar=1%3A1",
    "name": "Perini Ranch Steakhouse",
    "dsc": "Mesquite Smoked Peppered Beef Tenderloin",
    "price": 165,
    "rate": 4,
    "country": "Buffalo Gap, TX"
  },
  {
    "id": "20154-bacon-wrapped-cheddar-jalapeno-sausage-slammers",
    "img": "https://goldbelly.imgix.net/uploads/showcase_media_asset/image/131365/bacon-wrapped-cheddar-jalapeno-sausage-slammers.1aad356ed0b86ebefde0c645520fddb3.jpg?ixlib=react-9.0.2&auto=format&ar=1%3A1",
    "name": "Southside Market & Barbeque",
    "dsc": "Bacon Wrapped Cheddar Jalapeño Sausage Slammers",
    "price": 79,
    "rate": 4,
    "country": "Elgin, TX"
  },
  {
    "id": "bbq-ribs-and-pulled-pork-dinner-for-8",
    "img": "https://goldbelly.imgix.net/uploads/showcase_media_asset/image/96250/bbq-ribs-and-pulled-pork-dinner-for-8.283f3612fdcc300876b961dc513056ea.jpg?ixlib=react-9.0.2&auto=format&ar=1%3A1",
    "name": "The Shed BBQ & Blues Joint",
    "dsc": "BBQ Ribs & Pulled Pork Dinner for 8",
    "price": 139,
    "rate": 4,
    "country": "Ocean Springs, MS"
  },
  {
    "id": "pit-smoked-bbq-ham",
    "img": "https://goldbelly.imgix.net/uploads/showcase_media_asset/image/97720/pit-smoked-bbq-ham.0f460774046cd1293c0ce10596021399.jpg?ixlib=react-9.0.2&auto=format&ar=1%3A1",
    "name": "The Shed BBQ & Blues Joint",
    "dsc": "Pit Smoked BBQ Ham",
    "price": 109,
    "rate": 4,
    "country": "Ocean Springs, MS"
  },
  {
    "id": "ribs-and-pulled-pork-combo-for-4",
    "img": "https://goldbelly.imgix.net/uploads/showcase_media_asset/image/101081/ribs-and-pulled-pork-combo-for-4.fda85caa87209b57671b893e01f5deea.jpg?ixlib=react-9.0.2&auto=format&ar=1%3A1",
    "name": "Melissa Cookston's Memphis BBQ",
    "dsc": "BBQ Ribs & Pulled Pork Combo for 4",
    "price": 99,
    "rate": 5,
    "country": "Horn Lake, MS"
  },
  {
    "id": "guys-bbq-pulled-pork-trash-can-nachos",
    "img": "https://goldbelly.imgix.net/uploads/showcase_media_asset/image/115312/guys-bbq-pulled-pork-trash-can-nachos.5783c0f7459bfc0adbbcf063edced3fb.jpg?ixlib=react-9.0.2&auto=format&ar=1%3A1",
    "name": "Guy Fieri",
    "dsc": "Guy's BBQ Pulled Pork Trash Can Nachos",
    "price": 79,
    "rate": 5,
    "country": "Flavortown, USA"
  },
  {
    "id": "legendary-brisket-z-man-sandwich-kit-8-pack",
    "img": "https://goldbelly.imgix.net/uploads/showcase_media_asset/image/135494/Joe_s-KC-Z-Man-Product-6.jpg?ixlib=react-9.0.2&auto=format&ar=1%3A1",
    "name": "Joe's KC BBQ",
    "dsc": "Legendary Brisket Z-Man Sandwich Kit - 8 Pack",
    "price": 99.99,
    "rate": 5,
    "country": "Kansas City, KS"
  },
  {
    "id": "16124-pork-bbq-pie",
    "img": "https://goldbelly.imgix.net/uploads/showcase_media_asset/image/69634/pulled-pork-bbq-pie.fdc5123609d3dcf39d9f9342a9433732.png?ixlib=react-9.0.2&auto=format&ar=1%3A1",
    "name": "Dangerously Delicious Pies",
    "dsc": "Pulled Pork BBQ Pie",
    "price": 79,
    "rate": 4,
    "country": "Baltimore, MD"
  },
  {
    "id": "17358-rubs-and-sauces-choose-your-own-3-pack",
    "img": "https://goldbelly.imgix.net/uploads/showcase_media_asset/image/135170/image004.jpg?ixlib=react-9.0.2&auto=format&ar=1%3A1",
    "name": "Central BBQ",
    "dsc": "BBQ Sauce & Rubs Kit",
    "price": 49,
    "rate": 4,
    "country": "Memphis, TN"
  },
  {
    "id": "kc-bbq-sampler",
    "img": "https://goldbelly.imgix.net/uploads/showcase_media_asset/image/78975/kc-bbq-sampler.440771bc7783f25ff6bccc8cb8d779ca.jpg?ixlib=react-9.0.2&auto=format&ar=1%3A1",
    "name": "Meat Mitch",
    "dsc": "KC BBQ Sampler",
    "price": 239,
    "rate": 4,
    "country": "Kansas City, KS"
  },
  {
    "id": "backyard-bbq-picnic-for-4-6",
    "img": "https://goldbelly.imgix.net/uploads/showcase_media_asset/image/134212/backyard-bbq-picnic-for-6.2be8d9286f622c9cfe873c6b728b3175.jpg?ixlib=react-9.0.2&auto=format&ar=1%3A1",
    "name": "Blue Smoke",
    "dsc": "Backyard BBQ Picnic for 6",
    "price": 239,
    "rate": 4,
    "country": "New York, NY"
  },
  {
    "id": "007-kings-pig-out-party-pack",
    "img": "https://goldbelly.imgix.net/uploads/showcase_media_asset/image/66741/kings-pig-out-party-pack.06e697890e8ff7674df25ec980412cac.jpg?ixlib=react-9.0.2&auto=format&ar=1%3A1",
    "name": "Kings BBQ",
    "dsc": "Kings' BBQ Best Sellers - Pig Out Party Pack",
    "price": 189,
    "rate": 5,
    "country": "Kinston, NC"
  },
  {
    "id": "smoked-whole-bbq-brisket-serves-15-20",
    "img": "https://goldbelly.imgix.net/uploads/showcase_media_asset/image/134189/smoked-whole-bbq-brisket-unsliced-serves-16.9858b33f5b689898903a184261a9d731.jpg?ixlib=react-9.0.2&auto=format&ar=1%3A1",
    "name": "Bludso's BBQ",
    "dsc": "Smoked Whole BBQ Brisket, Unsliced - Serves 16+",
    "price": 199,
    "rate": 5,
    "country": "Los Angeles, CA"
  },
  {
    "id": "unconventional-texas-bbq-sampler-for-4-6",
    "img": "https://goldbelly.imgix.net/uploads/showcase_media_asset/image/126766/unconventional-texas-bbq-sampler-for-4-6.ee40a926a0863ceeb13b1eafb987c7d1.jpg?ixlib=react-9.0.2&auto=format&ar=1%3A1",
    "name": "Underbelly by Chris Shepherd",
    "dsc": "Unconventional Texas BBQ Sampler for 4-6",
    "price": 119,
    "rate": 4,
    "country": "Houston, TX"
  },
  {
    "id": "bbq-pork-spare-ribs-2-racks",
    "img": "https://goldbelly.imgix.net/uploads/showcase_media_asset/image/91839/texas-sized-bbq-ribs-2-racks.317434b983d87ea730139222ae983774.jpg?ixlib=react-9.0.2&auto=format&ar=1%3A1",
    "name": "Snow's BBQ",
    "dsc": "Texas Sized BBQ Ribs - 2 Racks",
    "price": 139,
    "rate": 5,
    "country": "Lexington, TX"
  },
  {
    "id": "15048-best-sellers-bbq-buffet-pack",
    "img": "https://goldbelly.imgix.net/uploads/showcase_media_asset/image/134229/best-sellers-bbq-buffet-pack.995326b83b438923e7109f6cabe4f01a.jpg?ixlib=react-9.0.2&auto=format&ar=1%3A1",
    "name": "Jack Stack BBQ",
    "dsc": "Best Seller's BBQ Buffet Pack",
    "price": 239,
    "rate": 4,
    "country": "Kansas City, MO"
  },
  {
    "id": "barbeque-assortment-for-12-16",
    "img": "https://goldbelly.imgix.net/uploads/showcase_media_asset/image/132527/barbeque-feast-for-8-12.33d57b4d33aee93b40c12c876061b0a6.jpg?ixlib=react-9.0.2&auto=format&ar=1%3A1",
    "name": "Arthur Bryant's Barbeque",
    "dsc": "Barbeque Sampler for 12-16",
    "price": 239,
    "rate": 5,
    "country": "Kansas City, MO"
  },
  {
    "id": "half-pit-smoked-pastrami-brisket-3-lbs",
    "img": "https://goldbelly.imgix.net/uploads/showcase_media_asset/image/101803/half-pit-smoked-pastrami-brisket-3-lbs.46a73b67344b4c19a012476ef4937ffd.jpg?ixlib=react-9.0.2&auto=format&ar=1%3A1",
    "name": "Ugly Drum",
    "dsc": "Half Pit-Smoked Pastrami Brisket - 3 lbs.",
    "price": 139,
    "rate": 4,
    "country": "Los Angeles, CA"
  },
  {
    "id": "15317-kings-bbq-pork-ribs-4-racks",
    "img": "https://goldbelly.imgix.net/uploads/showcase_media_asset/image/67771/bbq-pork-ribs-4-racks.7605c73ff368c5e344eb8637a363e991.png?ixlib=react-9.0.2&auto=format&ar=1%3A1",
    "name": "Kings BBQ",
    "dsc": "BBQ Pork Ribs - 2 Racks",
    "price": 89,
    "rate": 4,
    "country": "Kinston, NC"
  },
  {
    "id": "bbq-ribs-2-slabs",
    "img": "https://goldbelly.imgix.net/uploads/showcase_media_asset/image/133247/bbq-ribs-2-slabs.3d97cdf81e046ecf67c889cd8eafacd4.jpg?ixlib=react-9.0.2&auto=format&ar=1%3A1",
    "name": "Melissa Cookston's Memphis BBQ",
    "dsc": "BBQ Ribs - 2 Slabs",
    "price": 99,
    "rate": 5,
    "country": "Horn Lake, MS"
  },
  {
    "id": "original-texas-smoked-sausage",
    "img": "https://goldbelly.imgix.net/uploads/showcase_media_asset/image/101114/original-texas-smoked-sausage.a298e25643030c5500e225c7996fb153.jpg?ixlib=react-9.0.2&auto=format&ar=1%3A1",
    "name": "Terry Black's Barbecue",
    "dsc": "Original Texas Smoked Sausage",
    "price": 89,
    "rate": 4,
    "country": "Austin, TX"
  },
  {
    "id": "the-presidential-smoked-meat-sampler",
    "img": "https://goldbelly.imgix.net/uploads/showcase_media_asset/image/106403/the-presidential-smoked-meat-sampler.9ff90178b5b0f41ce433acb7724220bd.jpg?ixlib=react-9.0.2&auto=format&ar=1%3A1",
    "name": "4505 Burgers & BBQ",
    "dsc": "The Presidential Smoked Meat Sampler",
    "price": 219,
    "rate": 5,
    "country": "San Francisco, CA"
  },
  {
    "id": "smoked-whole-bbq-pork-shoulder-serves-10-15",
    "img": "https://goldbelly.imgix.net/uploads/showcase_media_asset/image/90419/smoked-whole-bbq-pork-shoulder-serves-10-15.cc662e8f02f2910f67d482bbdd555954.jpg?ixlib=react-9.0.2&auto=format&ar=1%3A1",
    "name": "Bludso's BBQ",
    "dsc": "Smoked Whole BBQ Pork Shoulder - Serves 10-15",
    "price": 129,
    "rate": 4,
    "country": "Los Angeles, CA"
  },
  {
    "id": "pitmaster-bbq-brisket-pulled-pork-sandwich-kit-for-6-8",
    "img": "https://goldbelly.imgix.net/uploads/showcase_media_asset/image/132949/pitmaster-bbq-brisket-pulled-pork-sandwich-kit-for-6-8.18c8d7b8fa8e77497a40716a4e004469.jpg?ixlib=react-9.0.2&auto=format&ar=1%3A1",
    "name": "Hill Country Barbecue Market",
    "dsc": "Pitmaster BBQ Brisket + Pulled Pork Sandwich Kit for 6-8",
    "price": 119,
    "rate": 5,
    "country": "New York, NY"
  },
  {
    "id": "bbq-dinner-for-4-6",
    "img": "https://goldbelly.imgix.net/uploads/showcase_media_asset/image/132234/choose-your-own-bbq-dinner-for-4-6.d11e1e15eaa4d3da043b21e91ebcb300.jpg?ixlib=react-9.0.2&auto=format&ar=1%3A1",
    "name": "Schmidt Family BBQ",
    "dsc": "BBQ Dinner for 4-6",
    "price": 129,
    "rate": 4,
    "country": "Bee Cave, TX"
  },
  {
    "id": "slow-smoked-bbq-ribs-dinner",
    "img": "https://goldbelly.imgix.net/uploads/showcase_media_asset/image/133855/slow-smoked-bbq-ribs-package.7bde36fe69d69f296b74199ef0b765d9.jpg?ixlib=react-9.0.2&auto=format&ar=1%3A1",
    "name": "Goode Co. Barbeque",
    "dsc": "Slow Smoked BBQ Ribs Dinner",
    "price": 149,
    "rate": 4,
    "country": "Houston, TX"
  },
  {
    "id": "junior-smoked-meat-sampler",
    "img": "https://goldbelly.imgix.net/uploads/showcase_media_asset/image/106412/pork-spare-ribs-chicken-sausage-combo-platter.2da90e0e7a49f4dafde4ce15d13db6ed.jpg?ixlib=react-9.0.2&auto=format&ar=1%3A1",
    "name": "4505 Burgers & BBQ",
    "dsc": "Junior Smoked Meat Sampler",
    "price": 159,
    "rate": 5,
    "country": "San Francisco, CA"
  },
  {
    "id": "texas-smoked-brisket",
    "img": "https://goldbelly.imgix.net/uploads/showcase_media_asset/image/96687/texas-smoked-angus-brisket.ddabf04270ab511bf77e4c3623e4411a.jpg?ixlib=react-9.0.2&auto=format&ar=1%3A1",
    "name": "Old 300 BBQ",
    "dsc": "Texas Smoked Whole Brisket",
    "price": 169,
    "rate": 4,
    "country": "Blanco, TX"
  },
  {
    "id": "memphis-style-bbq-ribs-4-slabs",
    "img": "https://goldbelly.imgix.net/uploads/showcase_media_asset/image/90693/memphis-style-bbq-ribs-4-slabs.63c29722abeb159245d54ae166433560.jpg?ixlib=react-9.0.2&auto=format&ar=1%3A1",
    "name": "17th Street BBQ",
    "dsc": "Grand World Champion BBQ Baby Back Ribs - 4 Slabs",
    "price": 179,
    "rate": 5,
    "country": "Murphsboro, IL"
  },
  {
    "id": "001-kings-hand-chopped-pork-bbq",
    "img": "https://goldbelly.imgix.net/uploads/showcase_media_asset/image/66742/kings-hand-chopped-pork-bbq.fe84b9394dd765ab13b26611595226fb.jpg?ixlib=react-9.0.2&auto=format&ar=1%3A1",
    "name": "Kings BBQ",
    "dsc": "Kings' Hand-Chopped Pork BBQ",
    "price": 59,
    "rate": 5,
    "country": "Kinston, NC"
  }
]
