[
  {
    "id": "california-reserve-filet-mignon-steaks-gift-box",
    "img": "https://goldbelly.imgix.net/uploads/showcase_media_asset/image/96226/california-reserve-filet-mignon-steaks-gift-box.bf226e317aad85f47897ae7e325f790d.jpg?ixlib=react-9.0.2&auto=format&ar=1%3A1",
    "name": "Flannery Beef",
    "dsc": "California Reserve Filet Mignon Steaks Gift Box",
    "price": 129,
    "rate": 5,
    "country": "San Rafael, CA"
  },
  {
    "id": "california-reserve-ribeye-steaks-gift-box",
    "img": "https://goldbelly.imgix.net/uploads/showcase_media_asset/image/132850/california-reserve-ribeye-steaks-gift-box.87b8f6acf5851abe58778d3017105edc.jpg?ixlib=react-9.0.2&auto=format&ar=1%3A1",
    "name": "Flannery Beef",
    "dsc": "California Reserve Ribeye Steaks Gift Box",
    "price": 99,
    "rate": 4,
    "country": "San Rafael, CA"
  },
  {
    "id": "steaks-and-cakes-date-night-dinner-for-2",
    "img": "https://goldbelly.imgix.net/uploads/showcase_media_asset/image/118617/valentines-steaks-and-cakes-dinner-for-2.0c63dab635eed46209455dc33cd25ea8.jpg?ixlib=react-9.0.2&auto=format&ar=1%3A1",
    "name": "Chesapeake Bay Gourmet",
    "dsc": "Steaks and Cakes Date Night Dinner for 2",
    "price": 129,
    "rate": 4,
    "country": "Jessup, MD"
  },
  {
    "id": "Prime-holiday-steak-sampler-for-10-12",
    "img": "https://goldbelly.imgix.net/uploads/showcase_media_asset/image/113759/holiday-sampler-9-pack.2de75ca80282ffe9d064eb757ff7a5a1.jpg?ixlib=react-9.0.2&auto=format&ar=1%3A1",
    "name": "Saltbrick Prime",
    "dsc": "Chef Matt's Steak Sampler for 10-12",
    "price": 179,
    "rate": 5,
    "country": "New York, NY"
  },
  {
    "id": "bone-in-rib-steak",
    "img": "https://goldbelly.imgix.net/uploads/showcase_media_asset/image/113844/bone-in-rib-steak.b13d9d4233035767605f0de9acdce1ab.jpg?ixlib=react-9.0.2&auto=format&ar=1%3A1",
    "name": "Old Homestead Steakhouse",
    "dsc": "Bone-in Rib Steak",
    "price": 159,
    "rate": 5,
    "country": "New York, NY"
  },
  {
    "id": "american-wagyu-gold-grade-top-sirloins",
    "img": "https://goldbelly.imgix.net/uploads/showcase_media_asset/image/132442/american-wagyu-gold-grade-sirloins.040dbeb8f8e615b91fa7e513e3dc089c.jpg?ixlib=react-9.0.2&auto=format&ar=1%3A1",
    "name": "Snake River Farms",
    "dsc": "American Wagyu Gold Grade Top Sirloins",
    "price": 119,
    "rate": 5,
    "country": "Boise, ID"
  },
  {
    "id": "2-peter-luger-steak-pack-b",
    "img": "https://goldbelly.imgix.net/uploads/showcase_media_asset/image/131920/peter-luger-steak-pack-b.9feb0300e6be2dfecfa314f2006a2183.jpg?ixlib=react-9.0.2&auto=format&ar=1%3A1",
    "name": "Peter Luger Steak House",
    "dsc": "Peter Luger Porterhouse Steaks",
    "price": 215.95,
    "rate": 4,
    "country": "Brooklyn, NY"
  },
  {
    "id": "ribeye-prime-steak-gift-box",
    "img": "https://goldbelly.imgix.net/uploads/showcase_media_asset/image/114307/ribeye-prime-steak-gift-box.e74cb016baabbb2df73861de8150f29c.jpg?ixlib=react-9.0.2&auto=format&ar=1%3A1",
    "name": "Churchill's Steakhouse",
    "dsc": "Ribeye Prime Steak Gift Box",
    "price": 229,
    "rate": 4,
    "country": "Spokane, WA"
  },
  {
    "id": "wagyu-filet-mignon-2-pack",
    "img": "https://goldbelly.imgix.net/uploads/showcase_media_asset/image/107003/wagyu-filet-mignon-2-pack.5da42476f7d1b7e7cfe58b4d054e6861.jpg?ixlib=react-9.0.2&auto=format&ar=1%3A1",
    "name": "Westholme Wagyu",
    "dsc": "Wagyu Filet Mignon - 2 Pack",
    "price": 139,
    "rate": 4,
    "country": "Queensland, Australia"
  },
  {
    "id": "dry-aged-usda-prime-black-angus-porterhouse-steak-2-pack",
    "img": "https://goldbelly.imgix.net/uploads/showcase_media_asset/image/124865/usda-prime-black-angus-filet-mignon-barrel-cut.6ee213799e7d1848763d12edca18e3b1.jpg?ixlib=react-9.0.2&auto=format&ar=1%3A1",
    "name": "Pat LaFrieda Meats",
    "dsc": "Dry-Aged USDA Prime Black Angus Porterhouse Steak - 2 Pack",
    "price": 96.7,
    "rate": 4,
    "country": "North Bergen, NJ"
  },
  {
    "id": "california-reserve-ribeye-steak",
    "img": "https://goldbelly.imgix.net/uploads/showcase_media_asset/image/133878/california-reserve-ribeye-steak-12-oz.d367c5ae72dd9f89e170662104bef4fc.jpg?ixlib=react-9.0.2&auto=format&ar=1%3A1",
    "name": "Flannery Beef",
    "dsc": "California Reserve Ribeye Steak - 12 oz",
    "price": 32,
    "rate": 5,
    "country": "San Rafael, CA"
  },
  {
    "id": "dry-aged-boneless-ribeye-steak-dinner-kit-for-4",
    "img": "https://goldbelly.imgix.net/uploads/showcase_media_asset/image/126887/dry-aged-boneless-ribeye-steak-dinner-for-4.81c3bdc05fe6bdb2c2214709863120e0.jpg?ixlib=react-9.0.2&auto=format&ar=1%3A1",
    "name": "Chef Francis Mallmann",
    "dsc": "Dry-Aged Boneless Ribeye Steak Dinner Kit for 4",
    "price": 225,
    "rate": 4,
    "country": "Patagonia, Argentina"
  },
  {
    "id": "california-reserve-filet-mignon-steak",
    "img": "https://goldbelly.imgix.net/uploads/showcase_media_asset/image/96252/california-reserve-filet-mignon-steak.ff15071964ec8141d30c2ba05fb117e0.jpg?ixlib=react-9.0.2&auto=format&ar=1%3A1",
    "name": "Flannery Beef",
    "dsc": "California Reserve Filet Mignon Steak",
    "price": 22,
    "rate": 5,
    "country": "San Rafael, CA"
  },
  {
    "id": "mesquite-smoked-peppered-beef-tenderloin",
    "img": "https://goldbelly.imgix.net/uploads/showcase_media_asset/image/99462/mesquite-smoked-peppered-beef-tenderloin.5c314418a1f75c7057eed686e2fad46f.jpg?ixlib=react-9.0.2&auto=format&ar=1%3A1",
    "name": "Perini Ranch Steakhouse",
    "dsc": "Mesquite Smoked Peppered Beef Tenderloin",
    "price": 165,
    "rate": 4,
    "country": "Buffalo Gap, TX"
  },
  {
    "id": "sausage-wagyu-steak-sampler-choose-your-own",
    "img": "https://goldbelly.imgix.net/uploads/showcase_media_asset/image/134435/sausage-wagyu-steak-sampler-choose-your-own.8a66af51c802dd54a863c20f768ea686.jpg?ixlib=react-9.0.2&auto=format&ar=1%3A1",
    "name": "Gastros Craft Meats",
    "dsc": "Sausage + Wagyu Steak Sampler - Choose Your Own",
    "price": 165,
    "rate": 4,
    "country": "Woonsocket, RI"
  },
  {
    "id": "steak-dinner-for-2",
    "img": "https://goldbelly.imgix.net/uploads/showcase_media_asset/image/132710/steak-dinner-kit-for-2.3046e9db1f796c3305a71253ad8d86f2.jpg?ixlib=react-9.0.2&auto=format&ar=1%3A1",
    "name": "Old Homestead Steakhouse",
    "dsc": "Steak Dinner Kit for 2",
    "price": 189,
    "rate": 5,
    "country": "New York, NY"
  },
  {
    "id": "cardiff-crack-tri-tips-2-pack",
    "img": "https://goldbelly.imgix.net/uploads/showcase_media_asset/image/133748/cardiff-crack-tri-tip-2-pack.100775575438423b43aa601f273f0713.jpg?ixlib=react-9.0.2&auto=format&ar=1%3A1",
    "name": "Seaside Market",
    "dsc": "Cardiff Crack Tri Tip - 2 Pack",
    "price": 169,
    "rate": 5,
    "country": "Cardiff by the Sea, CA"
  },
  {
    "id": "california-reserve-filet-mignon-steaks-6-pack",
    "img": "https://goldbelly.imgix.net/uploads/showcase_media_asset/image/96663/california-reserve-filet-mignon-steaks-6-pack.9d19cd56391a3a62a6f075182d8e5b1e.jpg?ixlib=react-9.0.2&auto=format&ar=1%3A1",
    "name": "Flannery Beef",
    "dsc": "California Reserve Filet Mignon Steaks - 6 Pack",
    "price": 159,
    "rate": 4,
    "country": "San Rafael, CA"
  },
  {
    "id": "wagyu-ny-strip-steaks-2-pack",
    "img": "https://goldbelly.imgix.net/uploads/showcase_media_asset/image/131433/wagyu-ny-strip-steaks-2-pack.5b760cb84d5a57582e7dd8d1e25c9972.jpg?ixlib=react-9.0.2&auto=format&ar=1%3A1",
    "name": "Westholme Wagyu",
    "dsc": "Wagyu NY Strip Steak - 2 Pack",
    "price": 169,
    "rate": 5,
    "country": "Queensland, Australia"
  },
  {
    "id": "california-reserve-new-york-steaks-gift-box",
    "img": "https://goldbelly.imgix.net/uploads/showcase_media_asset/image/96208/california-reserve-new-york-steaks-gift-box.2ac1b5dd138c87e7914f96310bf3bcd3.jpg?ixlib=react-9.0.2&auto=format&ar=1%3A1",
    "name": "Flannery Beef",
    "dsc": "California Reserve New York Steaks Gift Box",
    "price": 119,
    "rate": 4,
    "country": "San Rafael, CA"
  },
  {
    "id": "choice-strip-steak-6-pack",
    "img": "https://goldbelly.imgix.net/uploads/showcase_media_asset/image/105600/choice-strip-steak-6-pack.822c77cb36216c8bec513f295b94d2f0.jpg?ixlib=react-9.0.2&auto=format&ar=1%3A1",
    "name": "Meats by Linz",
    "dsc": "Choice Strip Steak - 6 Pack",
    "price": 99,
    "rate": 4,
    "country": "Calumet City, IL"
  },
  {
    "id": "wagyu-coulotte-steak-4-pack",
    "img": "https://goldbelly.imgix.net/uploads/showcase_media_asset/image/103374/wagyu-coulotte-10-oz.8f1a8f4075160241d9698d3f4b1bf488.jpg?ixlib=react-9.0.2&auto=format&ar=1%3A1",
    "name": "Westholme Wagyu",
    "dsc": "Wagyu Coulotte Steak - 4 Pack",
    "price": 155,
    "rate": 4,
    "country": "Queensland, Australia"
  },
  {
    "id": "ribeye-and-filet-mignon-prime-steak-gift-box",
    "img": "https://goldbelly.imgix.net/uploads/showcase_media_asset/image/114275/ribeye-and-filet-mignon-prime-steak-gift-box.894fbe515c343b8517ad91e956150306.jpg?ixlib=react-9.0.2&auto=format&ar=1%3A1",
    "name": "Churchill's Steakhouse",
    "dsc": "Ribeye & Filet Mignon Prime Steak Gift Box",
    "price": 249,
    "rate": 5,
    "country": "Spokane, WA"
  },
  {
    "id": "choice-bone-in-ribeyes-2-choice-new-york-strip-steaks",
    "img": "https://goldbelly.imgix.net/uploads/showcase_media_asset/image/115509/2-choice-bone-in-ribeyes-2-choice-new-york-strip-steaks.80e8bf5ec76921c9632b7a5c5736fa7e.jpg?ixlib=react-9.0.2&auto=format&ar=1%3A1",
    "name": "Niman Ranch",
    "dsc": "2 Choice Bone-In Ribeyes + 2 Choice New York Strip Steaks",
    "price": 139,
    "rate": 4,
    "country": "Brea, CA"
  },
  {
    "id": "goldbelly-steak-burger-sampler",
    "img": "https://goldbelly.imgix.net/uploads/showcase_media_asset/image/133612/goldbelly-steak-burger-sampler.30f9703bf7c2355cffa8846e328481d0.jpg?ixlib=react-9.0.2&auto=format&ar=1%3A1",
    "name": "Pat LaFrieda Meats",
    "dsc": "Goldbelly Steak + Burger Sampler",
    "price": 135,
    "rate": 4,
    "country": "North Bergen, NJ"
  },
  {
    "id": "fourth-of-july-steak-dinner-for-4-6",
    "img": "https://goldbelly.imgix.net/uploads/showcase_media_asset/image/132656/steak-dinner-for-4-6.b438ef565a0f8803d9a3a641e1b8d1b6.jpg?ixlib=react-9.0.2&auto=format&ar=1%3A1",
    "name": "Chesapeake Bay Gourmet",
    "dsc": "Fourth Of July Steak Dinner for 4-6",
    "price": 219,
    "rate": 4,
    "country": "Jessup, MD"
  },
  {
    "id": "american-wagyu-strip-steaks-2-pack",
    "img": "https://goldbelly.imgix.net/uploads/showcase_media_asset/image/114536/american-wagyu-strip-steaks-2-pack.71ec339dc69d6fc12a4911b4dfd35f39.jpg?ixlib=react-9.0.2&auto=format&ar=1%3A1",
    "name": "Gastros Craft Meats",
    "dsc": "American Wagyu Strip Steaks - 2 Pack",
    "price": 119,
    "rate": 4,
    "country": "Woonsocket, RI"
  },
  {
    "id": "13-peter-luger-steak-pack-a",
    "img": "https://goldbelly.imgix.net/uploads/showcase_media_asset/image/133140/peter-luger-steak-pack-a.e8f3bb163811e5ffcd60a5831d32874b.png?ixlib=react-9.0.2&auto=format&ar=1%3A1",
    "name": "Peter Luger Steak House",
    "dsc": "USDA PRIME Dry-aged Strip Steaks",
    "price": 266.95,
    "rate": 5,
    "country": "Brooklyn, NY"
  },
  {
    "id": "world-famous-shrimp-cocktail",
    "img": "https://goldbelly.imgix.net/uploads/showcase_media_asset/image/89041/world-famous-shrimp-cocktail-for-4-6.9e41abca0496dfbd5a9fb2adbffeef88.jpg?ixlib=react-9.0.2&auto=format&ar=1%3A1",
    "name": "St. Elmo Steak House",
    "dsc": "World Famous Shrimp Cocktail for 4-6",
    "price": 99,
    "rate": 5,
    "country": "Indianapolis, IN"
  },
  {
    "id": "chateaubriand-steak-for-2",
    "img": "https://goldbelly.imgix.net/uploads/showcase_media_asset/image/105249/chateaubriand-steak-for-2.2cb9ed7cc3227fd26c455d51ca9745ab.jpg?ixlib=react-9.0.2&auto=format&ar=1%3A1",
    "name": "Keens Steakhouse",
    "dsc": "Chateaubriand Steak for Two",
    "price": 159,
    "rate": 5,
    "country": "New York, NY"
  },
  {
    "id": "choice-center-cut-new-york-strip-steaks",
    "img": "https://goldbelly.imgix.net/uploads/showcase_media_asset/image/131977/choice-center-cut-new-york-strip-steaks-4-pack.facecef35750e684ca69355c78f6a637.jpg?ixlib=react-9.0.2&auto=format&ar=1%3A1",
    "name": "Niman Ranch",
    "dsc": "Choice Center Cut New York Strip Steaks - 4 Pack",
    "price": 109,
    "rate": 4,
    "country": "Brea, CA"
  },
  {
    "id": "strip-steak-gift-box",
    "img": "https://goldbelly.imgix.net/uploads/showcase_media_asset/image/115321/strip-steak-gift-box.aef2d6be6646bf15bd532ce0d11e092a.jpg?ixlib=react-9.0.2&auto=format&ar=1%3A1",
    "name": "The Pine Club",
    "dsc": "Strip Steak Gift Box",
    "price": 149,
    "rate": 5,
    "country": "Dayton, OH"
  },
  {
    "id": "ribeye-steaks-8-pack",
    "img": "https://goldbelly.imgix.net/uploads/showcase_media_asset/image/124074/ribeye-steaks-8-pack.5c110f415c1f47becd92430f6895dd8e.jpg?ixlib=react-9.0.2&auto=format&ar=1%3A1",
    "name": "State Street Brats",
    "dsc": "Ribeye Steaks - 8 Pack",
    "price": 85,
    "rate": 4,
    "country": "Madison, WI"
  },
  {
    "id": "steak-au-poivre-kit-2-pack",
    "img": "https://goldbelly.imgix.net/uploads/showcase_media_asset/image/103486/steak-au-poivre-kit-2-pack.14f9926937c1716b9430316d677873df.jpg?ixlib=react-9.0.2&auto=format&ar=1%3A1",
    "name": "Raoul's",
    "dsc": "Steak Au Poivre Kit - 2 Pack",
    "price": 149,
    "rate": 4,
    "country": "New York, NY"
  },
  {
    "id": "16124-steak-mushroom-onion-and-gruyere",
    "img": "https://goldbelly.imgix.net/uploads/showcase_media_asset/image/69598/steak-mushroom-onion-and-gruyere-pie.169cb773b3f53ba330ae18fa0edb0b4c.png?ixlib=react-9.0.2&auto=format&ar=1%3A1",
    "name": "Dangerously Delicious Pies",
    "dsc": "Steak Mushroom Onion and Gruyere Pie",
    "price": 79,
    "rate": 4,
    "country": "Baltimore, MD"
  },
  {
    "id": "15128-philly-cheesesteak-4-pack",
    "img": "https://goldbelly.imgix.net/uploads/showcase_media_asset/image/134788/philly-cheesesteak-4-pack.ee73df8fae1147633dfe6d2bbd966c9b.jpg?ixlib=react-9.0.2&auto=format&ar=1%3A1",
    "name": "Jim's Steaks",
    "dsc": "Jim's Philly Cheesesteaks - 4 pack",
    "price": 99,
    "rate": 5,
    "country": "Philadelphia, PA"
  },
  {
    "id": "upper-prime-black-angus-tomahawks",
    "img": "https://goldbelly.imgix.net/uploads/showcase_media_asset/image/109670/upper-prime-black-angus-tomahawks.cfc048cb768788bc7289be5acdbecb6e.jpg?ixlib=react-9.0.2&auto=format&ar=1%3A1",
    "name": "Holy Grail Steak Co.",
    "dsc": "Upper Prime Black Angus Tomahawks",
    "price": 219,
    "rate": 5,
    "country": "San Francisco, CA"
  },
  {
    "id": "15996-100-fullblood-wagyu-beef-filet-mignon-steaks",
    "img": "https://goldbelly.imgix.net/uploads/showcase_media_asset/image/69335/100-fullblood-wagyu-beef-filet-mignon-steaks.7b79838c5fdd56c1295e33d2d6af007e.jpeg?ixlib=react-9.0.2&auto=format&ar=1%3A1",
    "name": "Lone Mountain Wagyu",
    "dsc": "100% Fullblood Wagyu Beef Filet Mignon Steaks",
    "price": 275,
    "rate": 4,
    "country": "Golden, NM"
  },
  {
    "id": "16547-american-kobe-sirloins",
    "img": "https://goldbelly.imgix.net/uploads/showcase_media_asset/image/70367/american-wagyu-sirloins.542b5e411cb7dfa523e43b1255bffd7d.jpg?ixlib=react-9.0.2&auto=format&ar=1%3A1",
    "name": "Snake River Farms",
    "dsc": "American Wagyu Sirloins",
    "price": 99,
    "rate": 5,
    "country": "Boise, ID"
  },
  {
    "id": "prime-galbi-steak-feast-for-4",
    "img": "https://goldbelly.imgix.net/uploads/showcase_media_asset/image/104674/prime-galbi-steak-feast-for-4.51c78b5ba768078b166fe91325e60edc.jpg?ixlib=react-9.0.2&auto=format&ar=1%3A1",
    "name": "Cote Korean Steakhouse",
    "dsc": "Prime Galbi Steak Feast for 4",
    "price": 249,
    "rate": 5,
    "country": "New York, NY"
  },
  {
    "id": "california-reserve-steaks-sampler-6-pack",
    "img": "https://goldbelly.imgix.net/uploads/showcase_media_asset/image/96648/california-reserve-steaks-sampler-6-pack.6f1a5c1bf941f3fbe11fb2d72faf513b.jpg?ixlib=react-9.0.2&auto=format&ar=1%3A1",
    "name": "Flannery Beef",
    "dsc": "California Reserve Steaks - Sampler 6 Pack",
    "price": 219,
    "rate": 5,
    "country": "San Rafael, CA"
  },
  {
    "id": "pats-original-philly-cheesesteak-4-pack",
    "img": "https://goldbelly.imgix.net/uploads/showcase_media_asset/image/87749/pats-original-philly-cheesesteak-4-pack.fe6d8af186d93848f9a5090118fe8b46.jpg?ixlib=react-9.0.2&auto=format&ar=1%3A1",
    "name": "Pat's King of Steaks",
    "dsc": "Pat's Original Philly Cheesesteak - 4 Pack",
    "price": 99,
    "rate": 4,
    "country": "Philadelphia, PA"
  },
  {
    "id": "california-reserve-new-york-steak",
    "img": "https://goldbelly.imgix.net/uploads/showcase_media_asset/image/96230/california-reserve-new-york-steak-12-oz.1db7f39f6540bd492e5487578c6bbcb9.jpg?ixlib=react-9.0.2&auto=format&ar=1%3A1",
    "name": "Flannery Beef",
    "dsc": "California Reserve New York Steak - 12 oz",
    "price": 42,
    "rate": 4,
    "country": "San Rafael, CA"
  },
  {
    "id": "stk-signature-4-steaks",
    "img": "https://goldbelly.imgix.net/uploads/showcase_media_asset/image/134362/stk-signature-4-steaks.f5536190adf38e394fbdb3ce8a753304.jpg?ixlib=react-9.0.2&auto=format&ar=1%3A1",
    "name": "STK Steakhouse",
    "dsc": "STK Signature - 2 Strip Steaks + 2 Filets",
    "price": 189,
    "rate": 4,
    "country": "New York, NY"
  },
  {
    "id": "halibut-steak",
    "img": "https://goldbelly.imgix.net/uploads/showcase_media_asset/image/94659/halibut-steak.0627bcd1466efb84f5456bf14906f499.png?ixlib=react-9.0.2&auto=format&ar=1%3A1",
    "name": "Pike Place Fish Market",
    "dsc": "Halibut - Steak (bone-in), Alaska, Wild, 2 lbs",
    "price": 59.98,
    "rate": 5,
    "country": "Seattle, WA"
  },
  {
    "id": "st-elmo-gift-box",
    "img": "https://goldbelly.imgix.net/uploads/showcase_media_asset/image/88901/st-elmo-gift-box.83e4e53934fc6e314b4f3999b9f089af.jpg?ixlib=react-9.0.2&auto=format&ar=1%3A1",
    "name": "St. Elmo Steak House",
    "dsc": "St. Elmo Gift Box",
    "price": 39,
    "rate": 4,
    "country": "Indianapolis, IN"
  },
  {
    "id": "wagyu-skirt-steak-4-pack",
    "img": "https://goldbelly.imgix.net/uploads/showcase_media_asset/image/120993/wagyu-skirt-steak-4-pack.3a90a67ff55a78b4dffff7bcea0c8cbe.jpg?ixlib=react-9.0.2&auto=format&ar=1%3A1",
    "name": "Rocker Bros. Meat & Provisions",
    "dsc": "Wagyu Skirt Steak - 4 Pack",
    "price": 44,
    "rate": 4,
    "country": "Los Angeles, CA"
  },
  {
    "id": "pats-original-philly-cheesesteak-8-pack",
    "img": "https://goldbelly.imgix.net/uploads/showcase_media_asset/image/87773/pats-original-philly-cheesesteak-8-pack.1f350a7bf2852552bf219d6609405c69.jpg?ixlib=react-9.0.2&auto=format&ar=1%3A1",
    "name": "Pat's King of Steaks",
    "dsc": "Pat's Original Philly Cheesesteak - 8 Pack",
    "price": 179,
    "rate": 5,
    "country": "Philadelphia, PA"
  },
  {
    "id": "17406-waygu-burgers-steaks-grill-pack",
    "img": "https://goldbelly.imgix.net/uploads/showcase_media_asset/image/72260/wagyu-burgers-steaks-grill-pack.f4131af7b529593cc4b53b6a2aa76627.jpg?ixlib=react-9.0.2&auto=format&ar=1%3A1",
    "name": "Lone Mountain Wagyu",
    "dsc": "Wagyu Burgers + Steaks Grill Pack",
    "price": 199,
    "rate": 5,
    "country": "Golden, NM"
  },
  {
    "id": "tomahawk-ribsteak-dinner-for-2",
    "img": "https://goldbelly.imgix.net/uploads/showcase_media_asset/image/131459/tomahawk-ribsteak-dinner-for-2.4bdce97b438cc34f7cd906378f62862f.jpg?ixlib=react-9.0.2&auto=format&ar=1%3A1",
    "name": "Quality Meats",
    "dsc": "Tomahawk Ribsteak Dinner for 2",
    "price": 149,
    "rate": 5,
    "country": "New York, NY"
  },
  {
    "id": "dry-aged-usda-prime-black-angus-boneless-ny-strip-steaks-4-pack",
    "img": "https://goldbelly.imgix.net/uploads/showcase_media_asset/image/124883/dry-aged-usda-prime-black-angus-boneless-ny-strip-steak-center-cut-aged-30-days.2d6ca1bbb41c4fbb200d5c826974aae6.jpg?ixlib=react-9.0.2&auto=format&ar=1%3A1",
    "name": "Pat LaFrieda Meats",
    "dsc": "Dry-Aged USDA Prime Black Angus Boneless NY Strip Steaks - 4 Pack",
    "price": 133.4,
    "rate": 5,
    "country": "North Bergen, NJ"
  },
  {
    "id": "21-usda-prime-burgers-pack-of-18-8oz-each",
    "img": "https://goldbelly.imgix.net/uploads/showcase_media_asset/image/133009/usda-prime-burgers-pack-of-18-8oz-each.274c67f15aa1c0b210dbf51801706670.png?ixlib=react-9.0.2&auto=format&ar=1%3A1",
    "name": "Peter Luger Steak House",
    "dsc": "USDA Prime Burgers - Pack of 18 (8oz each)",
    "price": 175.95,
    "rate": 5,
    "country": "Brooklyn, NY"
  },
  {
    "id": "17-peter-luger-extra-thick-cut-bacon-6-pack",
    "img": "https://goldbelly.imgix.net/uploads/showcase_media_asset/image/133809/peter-luger-extra-thick-cut-bacon-6-pack.8a7de3e7715b3f13a6b454ebd76adde6.jpg?ixlib=react-9.0.2&auto=format&ar=1%3A1",
    "name": "Peter Luger Steak House",
    "dsc": "Peter Luger Extra Thick Cut Bacon - 6 Pack",
    "price": 59.95,
    "rate": 4,
    "country": "Brooklyn, NY"
  },
  {
    "id": "dry-aged-usda-prime-black-angus-boneless-rib-steak-30-days-10-thick-13-15-oz",
    "img": "https://goldbelly.imgix.net/uploads/showcase_media_asset/image/97603/usda-prime-black-angus-filet-mignon-barrel-cut.3fc943fdabd641c78d180b2e7939410e.jpg?ixlib=react-9.0.2&auto=format&ar=1%3A1",
    "name": "Pat LaFrieda Meats",
    "dsc": "Dry-Aged USDA Prime Black Angus Boneless Rib Steaks - 30 days, 1.0\" thick, (13-15 oz.)",
    "price": 183.6,
    "rate": 4,
    "country": "North Bergen, NJ"
  },
  {
    "id": "italian-style-petite-filet-skewers-steak-spiedini-26-pack",
    "img": "https://goldbelly.imgix.net/uploads/product_image/image/82030/italian-style-petite-filet-skewers-steak-spiedini-26-pack.f0da603d6dfbcae265444f3dd64df9c5.jpg?ixlib=react-9.0.2&auto=format&ar=1%3A1",
    "name": "D'Abruzzo",
    "dsc": "Italian Style Petite Filet Skewers, Steak Spiedini - 26 Pack",
    "price": 99,
    "rate": 4,
    "country": "Brooklyn, NY"
  },
  {
    "id": "steak-au-poivre-kit-4-pack",
    "img": "https://goldbelly.imgix.net/uploads/showcase_media_asset/image/103485/steak-au-poivre-kit-4-pack.1d14f8f828c35919ffdec82f28b75dad.jpg?ixlib=react-9.0.2&auto=format&ar=1%3A1",
    "name": "Raoul's",
    "dsc": "Steak Au Poivre Kit - 4 Pack",
    "price": 279,
    "rate": 5,
    "country": "New York, NY"
  },
  {
    "id": "3-peter-luger-steak-pack-c",
    "img": "https://goldbelly.imgix.net/uploads/showcase_media_asset/image/77910/peter-luger-steak-pack-c.b42674354b79c2f03d3f6544d5b89873.jpg?ixlib=react-9.0.2&auto=format&ar=1%3A1",
    "name": "Peter Luger Steak House",
    "dsc": "Porterhouse and Strip Steaks",
    "price": 330.95,
    "rate": 5,
    "country": "Brooklyn, NY"
  }
]
